{
  "Mistral-7B-Instruct": {
    "English": {
      "ROUGE-L": [
        0.1862882282761155,
        0.18344117305664456,
        0.18921798343034
      ],
      "BERTScore": [
        0.8661626577377319,
        0.8652739256620408,
        0.86704673320055
      ],
      "Token-F1": [
        0.3845502972423083,
        0.3801095586464082,
        0.38895495485478626
      ],
      "Faithfulness": [
        0.727885631473126,
        0.6997216745115046,
        0.7527933666728382
      ],
      "N": 650
    },
    "Hindi": {
      "ROUGE-L": [
        0.15795335929849402,
        0.1549871506856218,
        0.16107794503446418
      ],
      "BERTScore": [
        0.8612353801727295,
        0.8601498454809189,
        0.8622882574796676
      ],
      "Token-F1": [
        0.34933545090291757,
        0.34142593685211836,
        0.3569571904273275
      ],
      "Faithfulness": [
        0.5395683916281087,
        0.4878241728907597,
        0.5897559403587593
      ],
      "N": 256
    },
    "Marathi": {
      "ROUGE-L": [
        0.14661590745756237,
        0.1426192238694912,
        0.1505596676365184
      ],
      "BERTScore": [
        0.850356936454773,
        0.8486504569649697,
        0.8520500138401985
      ],
      "Token-F1": [
        0.264091361370049,
        0.25020712478162793,
        0.2778636382437614
      ],
      "Faithfulness": [
        0.4188096797952518,
        0.37659605280314795,
        0.46039499389006866
      ],
      "N": 353
    },
    "Bangla": {
      "ROUGE-L": [
        0.1594123767654425,
        0.15683333486946274,
        0.16217920739151992
      ],
      "BERTScore": [
        0.8567308187484741,
        0.8556818485260009,
        0.8577515333890915
      ],
      "Token-F1": [
        0.32825803977715756,
        0.3201569001674538,
        0.3358972664161062
      ],
      "Faithfulness": [
        0.37248790933375536,
        0.341986472592681,
        0.4036763430948955
      ],
      "N": 614
    }
  },
  "LLaMA2-13B": {
    "English": {
      "ROUGE-L": [
        0.14169129041911438,
        0.1382331229701791,
        0.1453150471239986
      ],
      "BERTScore": [
        0.8533623218536377,
        0.8520917356014251,
        0.854500626027584
      ],
      "Token-F1": [
        0.2891272380600681,
        0.2813845437218705,
        0.2960992842613945
      ],
      "Faithfulness": [
        0.3966072113071723,
        0.3632204998493912,
        0.4270400996423368
      ],
      "N": 571
    },
    "Hindi": {
      "ROUGE-L": [
        0.10005475903981839,
        0.0975587226330327,
        0.10250057881070722
      ],
      "BERTScore": [
        0.833378255367279,
        0.8321565046906472,
        0.8345398366451263
      ],
      "Token-F1": [
        0.1973060582955949,
        0.1911153436711333,
        0.20308365605126252
      ],
      "Faithfulness": [
        0.10757411572519933,
        0.08302135726826716,
        0.1297262967504635
      ],
      "N": 341
    },
    "Marathi": {
      "ROUGE-L": [
        0.08795231354494164,
        0.08441904065226297,
        0.09151401917400717
      ],
      "BERTScore": [
        0.8263527154922485,
        0.8249420419335365,
        0.8278199389576912
      ],
      "Token-F1": [
        0.1458716597751932,
        0.13666722356192482,
        0.155281502313247
      ],
      "Faithfulness": [
        0.14659560366883603,
        0.12062545258713726,
        0.17625114373348136
      ],
      "N": 352
    },
    "Bangla": {
      "ROUGE-L": [
        0.0955400663650652,
        0.09364738080477693,
        0.097629716187834
      ],
      "BERTScore": [
        0.8299688696861267,
        0.8289943248033523,
        0.8309681057929993
      ],
      "Token-F1": [
        0.17781661967638868,
        0.17228353414507558,
        0.18325897023008003
      ],
      "Faithfulness": [
        0.07967672484833216,
        0.0664702701125109,
        0.09509059371589546
      ],
      "N": 614
    }
  },
  "Llama-3.1-8b-Instruct": {
    "English": {
      "ROUGE-L": [
        0.20231840087259645,
        0.19396807162362234,
        0.21078469763757784
      ],
      "BERTScore": [
        0.8671046495437622,
        0.8648628860712051,
        0.8690990716218948
      ],
      "Token-F1": [
        0.4322563384370948,
        0.4210285675883314,
        0.4439521401364181
      ],
      "Faithfulness": [
        0.5480756690154409,
        0.4664684652191822,
        0.6261881865568809
      ],
      "N": 97
    },
    "Hindi": {
      "ROUGE-L": [
        0.16812904548890795,
        0.16382168038094894,
        0.17274302281842388
      ],
      "BERTScore": [
        0.8572978377342224,
        0.8557840317487717,
        0.8588229015469551
      ],
      "Token-F1": [
        0.36583892960843684,
        0.35586626932970916,
        0.37486313616743605
      ],
      "Faithfulness": [
        0.353814127354417,
        0.27991612909623653,
        0.42611391062341863
      ],
      "N": 100
    },
    "Marathi": {
      "ROUGE-L": [
        0.16681195030909252,
        0.15788610800392974,
        0.1743609638043663
      ],
      "BERTScore": [
        0.8521684408187866,
        0.8491357579827309,
        0.8550246849656105
      ],
      "Token-F1": [
        0.3079209208241226,
        0.2798239324217507,
        0.3328845371962073
      ],
      "Faithfulness": [
        0.3570973754543415,
        0.2898996335466669,
        0.4349435523942489
      ],
      "N": 94
    },
    "Bangla": {
      "ROUGE-L": [
        0.16515710644494516,
        0.15904777352706917,
        0.17101432203272007
      ],
      "BERTScore": [
        0.8528136610984802,
        0.8504053995013237,
        0.8550233080983162
      ],
      "Token-F1": [
        0.3278714793768167,
        0.30899841729995436,
        0.3461868135525163
      ],
      "Faithfulness": [
        0.22370002863695845,
        0.16423699636611855,
        0.2941676372817601
      ],
      "N": 100
    }
  },
  "Qwen-2.5-7B": {
    "English": {
      "ROUGE-L": [
        0.18985952371719061,
        0.18676203802606545,
        0.1927382560690198
      ],
      "BERTScore": [
        0.8672178983688354,
        0.8663709983229637,
        0.8679983302950859
      ],
      "Token-F1": [
        0.39988328512921195,
        0.3953629184812859,
        0.404443255543658
      ],
      "Faithfulness": [
        0.6567013685710432,
        0.6280254245613628,
        0.6858066110114949
      ],
      "N": 699
    },
    "Hindi": {
      "ROUGE-L": [
        0.16859975177428715,
        0.16635815276713925,
        0.17081970903471788
      ],
      "BERTScore": [
        0.8619223833084106,
        0.8611837789416313,
        0.8626806810498238
      ],
      "Token-F1": [
        0.3736392528228089,
        0.36838549111669855,
        0.37877422271037814
      ],
      "Faithfulness": [
        0.5211476879576806,
        0.4883950131611532,
        0.5531774893461495
      ],
      "N": 621
    },
    "Marathi": {
      "ROUGE-L": [
        0.15347400171950518,
        0.14901259588764776,
        0.15789008341296995
      ],
      "BERTScore": [
        0.8536447882652283,
        0.8519126921892166,
        0.8553070157766343
      ],
      "Token-F1": [
        0.28713133263591345,
        0.2706189739382179,
        0.30211400602117766
      ],
      "Faithfulness": [
        0.40827543828943114,
        0.3669809957812403,
        0.45435557281357286
      ],
      "N": 353
    },
    "Bangla": {
      "ROUGE-L": [
        0.16606380792030223,
        0.16336673649364256,
        0.1688028615735043
      ],
      "BERTScore": [
        0.8645393252372742,
        0.8634365603327752,
        0.8656345009803772
      ],
      "Token-F1": [
        0.3377141703553977,
        0.32985537744982957,
        0.3467039694324291
      ],
      "Faithfulness": [
        0.1859266213720176,
        0.16110585525298635,
        0.21207182180166037
      ],